<Anims>
 <anim name="NewAnimation" root="entity_000" numframes="1000" framerate="40">
  <frame idx="0" w="1545" h="1814" x="-167.333344" y="-573.801575">
   <element name="base-head" layername="timeline_0" frame="0" z_index="3" m_a="1.000000" m_b="0.000000" m_c="0.000000" m_d="1.000000" m_tx="-335.714294" m_ty="-653.174622"/>
   <element name="face" layername="timeline_1" frame="0" z_index="2" m_a="1.000000" m_b="0.000000" m_c="0.000000" m_d="1.000000" m_tx="-358.333344" m_ty="-602.777771"/>
   <element name="base-head" layername="timeline_2" frame="1" z_index="1" m_a="1.000000" m_b="0.000000" m_c="0.000000" m_d="1.000000" m_tx="255.555557" m_ty="-662.301575"/>
   <element name="torso" layername="timeline_3" frame="0" z_index="4" m_a="1.000000" m_b="0.000000" m_c="0.000000" m_d="1.000000" m_tx="-344.444458" m_ty="-225.000000"/>
   <element name="torso" layername="timeline_4" frame="1" z_index="5" m_a="1.000000" m_b="0.000000" m_c="0.000000" m_d="1.000000" m_tx="288.095245" m_ty="-219.047623"/>
   <element name="legs" layername="timeline_5" frame="0" z_index="6" m_a="1.000000" m_b="0.000000" m_c="0.000000" m_d="1.000000" m_tx="-333.333344" m_ty="-76.666664"/>
   <element name="torso" layername="timeline_6" frame="2" z_index="7" m_a="1.000000" m_b="0.000000" m_c="0.000000" m_d="1.000000" m_tx="-306.666656" m_ty="-106.666664"/>
  </frame>
  <frame idx="25" w="1545" h="1814" x="-167.333344" y="-573.801575">
   <element name="base-head" layername="timeline_0" frame="0" z_index="3" m_a="1.000000" m_b="0.000000" m_c="0.000000" m_d="1.000000" m_tx="-335.714294" m_ty="-653.174622"/>
   <element name="face" layername="timeline_1" frame="0" z_index="2" m_a="1.000000" m_b="0.000000" m_c="0.000000" m_d="1.000000" m_tx="-358.333344" m_ty="-602.777771"/>
   <element name="base-head" layername="timeline_2" frame="1" z_index="1" m_a="1.000000" m_b="0.000000" m_c="0.000000" m_d="1.000000" m_tx="255.555557" m_ty="-662.301575"/>
   <element name="torso" layername="timeline_3" frame="0" z_index="4" m_a="1.000000" m_b="0.000000" m_c="0.000000" m_d="1.000000" m_tx="-344.444458" m_ty="-225.000000"/>
   <element name="torso" layername="timeline_4" frame="1" z_index="5" m_a="1.000000" m_b="0.000000" m_c="0.000000" m_d="1.000000" m_tx="288.095245" m_ty="-219.047623"/>
   <element name="legs" layername="timeline_5" frame="0" z_index="6" m_a="1.000000" m_b="0.000000" m_c="0.000000" m_d="1.000000" m_tx="-333.333344" m_ty="-76.666664"/>
   <element name="torso" layername="timeline_6" frame="2" z_index="7" m_a="1.000000" m_b="0.000000" m_c="0.000000" m_d="1.000000" m_tx="-306.666656" m_ty="-106.666664"/>
  </frame>
  <frame idx="50" w="1545" h="1814" x="-167.333344" y="-573.801575">
   <element name="base-head" layername="timeline_0" frame="0" z_index="3" m_a="1.000000" m_b="0.000000" m_c="0.000000" m_d="1.000000" m_tx="-335.714294" m_ty="-653.174622"/>
   <element name="face" layername="timeline_1" frame="0" z_index="2" m_a="1.000000" m_b="0.000000" m_c="0.000000" m_d="1.000000" m_tx="-358.333344" m_ty="-602.777771"/>
   <element name="base-head" layername="timeline_2" frame="1" z_index="1" m_a="1.000000" m_b="0.000000" m_c="0.000000" m_d="1.000000" m_tx="255.555557" m_ty="-662.301575"/>
   <element name="torso" layername="timeline_3" frame="0" z_index="4" m_a="1.000000" m_b="0.000000" m_c="0.000000" m_d="1.000000" m_tx="-344.444458" m_ty="-225.000000"/>
   <element name="torso" layername="timeline_4" frame="1" z_index="5" m_a="1.000000" m_b="0.000000" m_c="0.000000" m_d="1.000000" m_tx="288.095245" m_ty="-219.047623"/>
   <element name="legs" layername="timeline_5" frame="0" z_index="6" m_a="1.000000" m_b="0.000000" m_c="0.000000" m_d="1.000000" m_tx="-333.333344" m_ty="-76.666664"/>
   <element name="torso" layername="timeline_6" frame="2" z_index="7" m_a="1.000000" m_b="0.000000" m_c="0.000000" m_d="1.000000" m_tx="-306.666656" m_ty="-106.666664"/>
  </frame>
  <frame idx="75" w="1545" h="1814" x="-167.333344" y="-573.801575">
   <element name="base-head" layername="timeline_0" frame="0" z_index="3" m_a="1.000000" m_b="0.000000" m_c="0.000000" m_d="1.000000" m_tx="-335.714294" m_ty="-653.174622"/>
   <element name="face" layername="timeline_1" frame="0" z_index="2" m_a="1.000000" m_b="0.000000" m_c="0.000000" m_d="1.000000" m_tx="-358.333344" m_ty="-602.777771"/>
   <element name="base-head" layername="timeline_2" frame="1" z_index="1" m_a="1.000000" m_b="0.000000" m_c="0.000000" m_d="1.000000" m_tx="255.555557" m_ty="-662.301575"/>
   <element name="torso" layername="timeline_3" frame="0" z_index="4" m_a="1.000000" m_b="0.000000" m_c="0.000000" m_d="1.000000" m_tx="-344.444458" m_ty="-225.000000"/>
   <element name="torso" layername="timeline_4" frame="1" z_index="5" m_a="1.000000" m_b="0.000000" m_c="0.000000" m_d="1.000000" m_tx="288.095245" m_ty="-219.047623"/>
   <element name="legs" layername="timeline_5" frame="0" z_index="6" m_a="1.000000" m_b="0.000000" m_c="0.000000" m_d="1.000000" m_tx="-333.333344" m_ty="-76.666664"/>
   <element name="torso" layername="timeline_6" frame="2" z_index="7" m_a="1.000000" m_b="0.000000" m_c="0.000000" m_d="1.000000" m_tx="-306.666656" m_ty="-106.666664"/>
  </frame>
  <frame idx="100" w="1545" h="1814" x="-167.333344" y="-573.801575">
   <element name="base-head" layername="timeline_0" frame="0" z_index="3" m_a="1.000000" m_b="0.000000" m_c="0.000000" m_d="1.000000" m_tx="-335.714294" m_ty="-653.174622"/>
   <element name="face" layername="timeline_1" frame="0" z_index="2" m_a="1.000000" m_b="0.000000" m_c="0.000000" m_d="1.000000" m_tx="-358.333344" m_ty="-602.777771"/>
   <element name="base-head" layername="timeline_2" frame="1" z_index="1" m_a="1.000000" m_b="0.000000" m_c="0.000000" m_d="1.000000" m_tx="255.555557" m_ty="-662.301575"/>
   <element name="torso" layername="timeline_3" frame="0" z_index="4" m_a="1.000000" m_b="0.000000" m_c="0.000000" m_d="1.000000" m_tx="-344.444458" m_ty="-225.000000"/>
   <element name="torso" layername="timeline_4" frame="1" z_index="5" m_a="1.000000" m_b="0.000000" m_c="0.000000" m_d="1.000000" m_tx="288.095245" m_ty="-219.047623"/>
   <element name="legs" layername="timeline_5" frame="0" z_index="6" m_a="1.000000" m_b="0.000000" m_c="0.000000" m_d="1.000000" m_tx="-333.333344" m_ty="-76.666664"/>
   <element name="torso" layername="timeline_6" frame="2" z_index="7" m_a="1.000000" m_b="0.000000" m_c="0.000000" m_d="1.000000" m_tx="-306.666656" m_ty="-106.666664"/>
  </frame>
  <frame idx="125" w="1545" h="1814" x="-167.333344" y="-573.801575">
   <element name="base-head" layername="timeline_0" frame="0" z_index="3" m_a="1.000000" m_b="0.000000" m_c="0.000000" m_d="1.000000" m_tx="-335.714294" m_ty="-653.174622"/>
   <element name="face" layername="timeline_1" frame="0" z_index="2" m_a="1.000000" m_b="0.000000" m_c="0.000000" m_d="1.000000" m_tx="-358.333344" m_ty="-602.777771"/>
   <element name="base-head" layername="timeline_2" frame="1" z_index="1" m_a="1.000000" m_b="0.000000" m_c="0.000000" m_d="1.000000" m_tx="255.555557" m_ty="-662.301575"/>
   <element name="torso" layername="timeline_3" frame="0" z_index="4" m_a="1.000000" m_b="0.000000" m_c="0.000000" m_d="1.000000" m_tx="-344.444458" m_ty="-225.000000"/>
   <element name="torso" layername="timeline_4" frame="1" z_index="5" m_a="1.000000" m_b="0.000000" m_c="0.000000" m_d="1.000000" m_tx="288.095245" m_ty="-219.047623"/>
   <element name="legs" layername="timeline_5" frame="0" z_index="6" m_a="1.000000" m_b="0.000000" m_c="0.000000" m_d="1.000000" m_tx="-333.333344" m_ty="-76.666664"/>
   <element name="torso" layername="timeline_6" frame="2" z_index="7" m_a="1.000000" m_b="0.000000" m_c="0.000000" m_d="1.000000" m_tx="-306.666656" m_ty="-106.666664"/>
  </frame>
  <frame idx="150" w="1545" h="1814" x="-167.333344" y="-573.801575">
   <element name="base-head" layername="timeline_0" frame="0" z_index="3" m_a="1.000000" m_b="0.000000" m_c="0.000000" m_d="1.000000" m_tx="-335.714294" m_ty="-653.174622"/>
   <element name="face" layername="timeline_1" frame="0" z_index="2" m_a="1.000000" m_b="0.000000" m_c="0.000000" m_d="1.000000" m_tx="-358.333344" m_ty="-602.777771"/>
   <element name="base-head" layername="timeline_2" frame="1" z_index="1" m_a="1.000000" m_b="0.000000" m_c="0.000000" m_d="1.000000" m_tx="255.555557" m_ty="-662.301575"/>
   <element name="torso" layername="timeline_3" frame="0" z_index="4" m_a="1.000000" m_b="0.000000" m_c="0.000000" m_d="1.000000" m_tx="-344.444458" m_ty="-225.000000"/>
   <element name="torso" layername="timeline_4" frame="1" z_index="5" m_a="1.000000" m_b="0.000000" m_c="0.000000" m_d="1.000000" m_tx="288.095245" m_ty="-219.047623"/>
   <element name="legs" layername="timeline_5" frame="0" z_index="6" m_a="1.000000" m_b="0.000000" m_c="0.000000" m_d="1.000000" m_tx="-333.333344" m_ty="-76.666664"/>
   <element name="torso" layername="timeline_6" frame="2" z_index="7" m_a="1.000000" m_b="0.000000" m_c="0.000000" m_d="1.000000" m_tx="-306.666656" m_ty="-106.666664"/>
  </frame>
  <frame idx="175" w="1545" h="1814" x="-167.333344" y="-573.801575">
   <element name="base-head" layername="timeline_0" frame="0" z_index="3" m_a="1.000000" m_b="0.000000" m_c="0.000000" m_d="1.000000" m_tx="-335.714294" m_ty="-653.174622"/>
   <element name="face" layername="timeline_1" frame="0" z_index="2" m_a="1.000000" m_b="0.000000" m_c="0.000000" m_d="1.000000" m_tx="-358.333344" m_ty="-602.777771"/>
   <element name="base-head" layername="timeline_2" frame="1" z_index="1" m_a="1.000000" m_b="0.000000" m_c="0.000000" m_d="1.000000" m_tx="255.555557" m_ty="-662.301575"/>
   <element name="torso" layername="timeline_3" frame="0" z_index="4" m_a="1.000000" m_b="0.000000" m_c="0.000000" m_d="1.000000" m_tx="-344.444458" m_ty="-225.000000"/>
   <element name="torso" layername="timeline_4" frame="1" z_index="5" m_a="1.000000" m_b="0.000000" m_c="0.000000" m_d="1.000000" m_tx="288.095245" m_ty="-219.047623"/>
   <element name="legs" layername="timeline_5" frame="0" z_index="6" m_a="1.000000" m_b="0.000000" m_c="0.000000" m_d="1.000000" m_tx="-333.333344" m_ty="-76.666664"/>
   <element name="torso" layername="timeline_6" frame="2" z_index="7" m_a="1.000000" m_b="0.000000" m_c="0.000000" m_d="1.000000" m_tx="-306.666656" m_ty="-106.666664"/>
  </frame>
  <frame idx="200" w="1545" h="1814" x="-167.333344" y="-573.801575">
   <element name="base-head" layername="timeline_0" frame="0" z_index="3" m_a="1.000000" m_b="0.000000" m_c="0.000000" m_d="1.000000" m_tx="-335.714294" m_ty="-653.174622"/>
   <element name="face" layername="timeline_1" frame="0" z_index="2" m_a="1.000000" m_b="0.000000" m_c="0.000000" m_d="1.000000" m_tx="-358.333344" m_ty="-602.777771"/>
   <element name="base-head" layername="timeline_2" frame="1" z_index="1" m_a="1.000000" m_b="0.000000" m_c="0.000000" m_d="1.000000" m_tx="255.555557" m_ty="-662.301575"/>
   <element name="torso" layername="timeline_3" frame="0" z_index="4" m_a="1.000000" m_b="0.000000" m_c="0.000000" m_d="1.000000" m_tx="-344.444458" m_ty="-225.000000"/>
   <element name="torso" layername="timeline_4" frame="1" z_index="5" m_a="1.000000" m_b="0.000000" m_c="0.000000" m_d="1.000000" m_tx="288.095245" m_ty="-219.047623"/>
   <element name="legs" layername="timeline_5" frame="0" z_index="6" m_a="1.000000" m_b="0.000000" m_c="0.000000" m_d="1.000000" m_tx="-333.333344" m_ty="-76.666664"/>
   <element name="torso" layername="timeline_6" frame="2" z_index="7" m_a="1.000000" m_b="0.000000" m_c="0.000000" m_d="1.000000" m_tx="-306.666656" m_ty="-106.666664"/>
  </frame>
  <frame idx="225" w="1545" h="1814" x="-167.333344" y="-573.801575">
   <element name="base-head" layername="timeline_0" frame="0" z_index="3" m_a="1.000000" m_b="0.000000" m_c="0.000000" m_d="1.000000" m_tx="-335.714294" m_ty="-653.174622"/>
   <element name="face" layername="timeline_1" frame="0" z_index="2" m_a="1.000000" m_b="0.000000" m_c="0.000000" m_d="1.000000" m_tx="-358.333344" m_ty="-602.777771"/>
   <element name="base-head" layername="timeline_2" frame="1" z_index="1" m_a="1.000000" m_b="0.000000" m_c="0.000000" m_d="1.000000" m_tx="255.555557" m_ty="-662.301575"/>
   <element name="torso" layername="timeline_3" frame="0" z_index="4" m_a="1.000000" m_b="0.000000" m_c="0.000000" m_d="1.000000" m_tx="-344.444458" m_ty="-225.000000"/>
   <element name="torso" layername="timeline_4" frame="1" z_index="5" m_a="1.000000" m_b="0.000000" m_c="0.000000" m_d="1.000000" m_tx="288.095245" m_ty="-219.047623"/>
   <element name="legs" layername="timeline_5" frame="0" z_index="6" m_a="1.000000" m_b="0.000000" m_c="0.000000" m_d="1.000000" m_tx="-333.333344" m_ty="-76.666664"/>
   <element name="torso" layername="timeline_6" frame="2" z_index="7" m_a="1.000000" m_b="0.000000" m_c="0.000000" m_d="1.000000" m_tx="-306.666656" m_ty="-106.666664"/>
  </frame>
  <frame idx="250" w="1545" h="1814" x="-167.333344" y="-573.801575">
   <element name="base-head" layername="timeline_0" frame="0" z_index="3" m_a="1.000000" m_b="0.000000" m_c="0.000000" m_d="1.000000" m_tx="-335.714294" m_ty="-653.174622"/>
   <element name="face" layername="timeline_1" frame="0" z_index="2" m_a="1.000000" m_b="0.000000" m_c="0.000000" m_d="1.000000" m_tx="-358.333344" m_ty="-602.777771"/>
   <element name="base-head" layername="timeline_2" frame="1" z_index="1" m_a="1.000000" m_b="0.000000" m_c="0.000000" m_d="1.000000" m_tx="255.555557" m_ty="-662.301575"/>
   <element name="torso" layername="timeline_3" frame="0" z_index="4" m_a="1.000000" m_b="0.000000" m_c="0.000000" m_d="1.000000" m_tx="-344.444458" m_ty="-225.000000"/>
   <element name="torso" layername="timeline_4" frame="1" z_index="5" m_a="1.000000" m_b="0.000000" m_c="0.000000" m_d="1.000000" m_tx="288.095245" m_ty="-219.047623"/>
   <element name="legs" layername="timeline_5" frame="0" z_index="6" m_a="1.000000" m_b="0.000000" m_c="0.000000" m_d="1.000000" m_tx="-333.333344" m_ty="-76.666664"/>
   <element name="torso" layername="timeline_6" frame="2" z_index="7" m_a="1.000000" m_b="0.000000" m_c="0.000000" m_d="1.000000" m_tx="-306.666656" m_ty="-106.666664"/>
  </frame>
  <frame idx="275" w="1545" h="1814" x="-167.333344" y="-573.801575">
   <element name="base-head" layername="timeline_0" frame="0" z_index="3" m_a="1.000000" m_b="0.000000" m_c="0.000000" m_d="1.000000" m_tx="-335.714294" m_ty="-653.174622"/>
   <element name="face" layername="timeline_1" frame="0" z_index="2" m_a="1.000000" m_b="0.000000" m_c="0.000000" m_d="1.000000" m_tx="-358.333344" m_ty="-602.777771"/>
   <element name="base-head" layername="timeline_2" frame="1" z_index="1" m_a="1.000000" m_b="0.000000" m_c="0.000000" m_d="1.000000" m_tx="255.555557" m_ty="-662.301575"/>
   <element name="torso" layername="timeline_3" frame="0" z_index="4" m_a="1.000000" m_b="0.000000" m_c="0.000000" m_d="1.000000" m_tx="-344.444458" m_ty="-225.000000"/>
   <element name="torso" layername="timeline_4" frame="1" z_index="5" m_a="1.000000" m_b="0.000000" m_c="0.000000" m_d="1.000000" m_tx="288.095245" m_ty="-219.047623"/>
   <element name="legs" layername="timeline_5" frame="0" z_index="6" m_a="1.000000" m_b="0.000000" m_c="0.000000" m_d="1.000000" m_tx="-333.333344" m_ty="-76.666664"/>
   <element name="torso" layername="timeline_6" frame="2" z_index="7" m_a="1.000000" m_b="0.000000" m_c="0.000000" m_d="1.000000" m_tx="-306.666656" m_ty="-106.666664"/>
  </frame>
  <frame idx="300" w="1545" h="1814" x="-167.333344" y="-573.801575">
   <element name="base-head" layername="timeline_0" frame="0" z_index="3" m_a="1.000000" m_b="0.000000" m_c="0.000000" m_d="1.000000" m_tx="-335.714294" m_ty="-653.174622"/>
   <element name="face" layername="timeline_1" frame="0" z_index="2" m_a="1.000000" m_b="0.000000" m_c="0.000000" m_d="1.000000" m_tx="-358.333344" m_ty="-602.777771"/>
   <element name="base-head" layername="timeline_2" frame="1" z_index="1" m_a="1.000000" m_b="0.000000" m_c="0.000000" m_d="1.000000" m_tx="255.555557" m_ty="-662.301575"/>
   <element name="torso" layername="timeline_3" frame="0" z_index="4" m_a="1.000000" m_b="0.000000" m_c="0.000000" m_d="1.000000" m_tx="-344.444458" m_ty="-225.000000"/>
   <element name="torso" layername="timeline_4" frame="1" z_index="5" m_a="1.000000" m_b="0.000000" m_c="0.000000" m_d="1.000000" m_tx="288.095245" m_ty="-219.047623"/>
   <element name="legs" layername="timeline_5" frame="0" z_index="6" m_a="1.000000" m_b="0.000000" m_c="0.000000" m_d="1.000000" m_tx="-333.333344" m_ty="-76.666664"/>
   <element name="torso" layername="timeline_6" frame="2" z_index="7" m_a="1.000000" m_b="0.000000" m_c="0.000000" m_d="1.000000" m_tx="-306.666656" m_ty="-106.666664"/>
  </frame>
  <frame idx="325" w="1545" h="1814" x="-167.333344" y="-573.801575">
   <element name="base-head" layername="timeline_0" frame="0" z_index="3" m_a="1.000000" m_b="0.000000" m_c="0.000000" m_d="1.000000" m_tx="-335.714294" m_ty="-653.174622"/>
   <element name="face" layername="timeline_1" frame="0" z_index="2" m_a="1.000000" m_b="0.000000" m_c="0.000000" m_d="1.000000" m_tx="-358.333344" m_ty="-602.777771"/>
   <element name="base-head" layername="timeline_2" frame="1" z_index="1" m_a="1.000000" m_b="0.000000" m_c="0.000000" m_d="1.000000" m_tx="255.555557" m_ty="-662.301575"/>
   <element name="torso" layername="timeline_3" frame="0" z_index="4" m_a="1.000000" m_b="0.000000" m_c="0.000000" m_d="1.000000" m_tx="-344.444458" m_ty="-225.000000"/>
   <element name="torso" layername="timeline_4" frame="1" z_index="5" m_a="1.000000" m_b="0.000000" m_c="0.000000" m_d="1.000000" m_tx="288.095245" m_ty="-219.047623"/>
   <element name="legs" layername="timeline_5" frame="0" z_index="6" m_a="1.000000" m_b="0.000000" m_c="0.000000" m_d="1.000000" m_tx="-333.333344" m_ty="-76.666664"/>
   <element name="torso" layername="timeline_6" frame="2" z_index="7" m_a="1.000000" m_b="0.000000" m_c="0.000000" m_d="1.000000" m_tx="-306.666656" m_ty="-106.666664"/>
  </frame>
  <frame idx="350" w="1545" h="1814" x="-167.333344" y="-573.801575">
   <element name="base-head" layername="timeline_0" frame="0" z_index="3" m_a="1.000000" m_b="0.000000" m_c="0.000000" m_d="1.000000" m_tx="-335.714294" m_ty="-653.174622"/>
   <element name="face" layername="timeline_1" frame="0" z_index="2" m_a="1.000000" m_b="0.000000" m_c="0.000000" m_d="1.000000" m_tx="-358.333344" m_ty="-602.777771"/>
   <element name="base-head" layername="timeline_2" frame="1" z_index="1" m_a="1.000000" m_b="0.000000" m_c="0.000000" m_d="1.000000" m_tx="255.555557" m_ty="-662.301575"/>
   <element name="torso" layername="timeline_3" frame="0" z_index="4" m_a="1.000000" m_b="0.000000" m_c="0.000000" m_d="1.000000" m_tx="-344.444458" m_ty="-225.000000"/>
   <element name="torso" layername="timeline_4" frame="1" z_index="5" m_a="1.000000" m_b="0.000000" m_c="0.000000" m_d="1.000000" m_tx="288.095245" m_ty="-219.047623"/>
   <element name="legs" layername="timeline_5" frame="0" z_index="6" m_a="1.000000" m_b="0.000000" m_c="0.000000" m_d="1.000000" m_tx="-333.333344" m_ty="-76.666664"/>
   <element name="torso" layername="timeline_6" frame="2" z_index="7" m_a="1.000000" m_b="0.000000" m_c="0.000000" m_d="1.000000" m_tx="-306.666656" m_ty="-106.666664"/>
  </frame>
  <frame idx="375" w="1545" h="1814" x="-167.333344" y="-573.801575">
   <element name="base-head" layername="timeline_0" frame="0" z_index="3" m_a="1.000000" m_b="0.000000" m_c="0.000000" m_d="1.000000" m_tx="-335.714294" m_ty="-653.174622"/>
   <element name="face" layername="timeline_1" frame="0" z_index="2" m_a="1.000000" m_b="0.000000" m_c="0.000000" m_d="1.000000" m_tx="-358.333344" m_ty="-602.777771"/>
   <element name="base-head" layername="timeline_2" frame="1" z_index="1" m_a="1.000000" m_b="0.000000" m_c="0.000000" m_d="1.000000" m_tx="255.555557" m_ty="-662.301575"/>
   <element name="torso" layername="timeline_3" frame="0" z_index="4" m_a="1.000000" m_b="0.000000" m_c="0.000000" m_d="1.000000" m_tx="-344.444458" m_ty="-225.000000"/>
   <element name="torso" layername="timeline_4" frame="1" z_index="5" m_a="1.000000" m_b="0.000000" m_c="0.000000" m_d="1.000000" m_tx="288.095245" m_ty="-219.047623"/>
   <element name="legs" layername="timeline_5" frame="0" z_index="6" m_a="1.000000" m_b="0.000000" m_c="0.000000" m_d="1.000000" m_tx="-333.333344" m_ty="-76.666664"/>
   <element name="torso" layername="timeline_6" frame="2" z_index="7" m_a="1.000000" m_b="0.000000" m_c="0.000000" m_d="1.000000" m_tx="-306.666656" m_ty="-106.666664"/>
  </frame>
  <frame idx="400" w="1545" h="1814" x="-167.333344" y="-573.801575">
   <element name="base-head" layername="timeline_0" frame="0" z_index="3" m_a="1.000000" m_b="0.000000" m_c="0.000000" m_d="1.000000" m_tx="-335.714294" m_ty="-653.174622"/>
   <element name="face" layername="timeline_1" frame="0" z_index="2" m_a="1.000000" m_b="0.000000" m_c="0.000000" m_d="1.000000" m_tx="-358.333344" m_ty="-602.777771"/>
   <element name="base-head" layername="timeline_2" frame="1" z_index="1" m_a="1.000000" m_b="0.000000" m_c="0.000000" m_d="1.000000" m_tx="255.555557" m_ty="-662.301575"/>
   <element name="torso" layername="timeline_3" frame="0" z_index="4" m_a="1.000000" m_b="0.000000" m_c="0.000000" m_d="1.000000" m_tx="-344.444458" m_ty="-225.000000"/>
   <element name="torso" layername="timeline_4" frame="1" z_index="5" m_a="1.000000" m_b="0.000000" m_c="0.000000" m_d="1.000000" m_tx="288.095245" m_ty="-219.047623"/>
   <element name="legs" layername="timeline_5" frame="0" z_index="6" m_a="1.000000" m_b="0.000000" m_c="0.000000" m_d="1.000000" m_tx="-333.333344" m_ty="-76.666664"/>
   <element name="torso" layername="timeline_6" frame="2" z_index="7" m_a="1.000000" m_b="0.000000" m_c="0.000000" m_d="1.000000" m_tx="-306.666656" m_ty="-106.666664"/>
  </frame>
  <frame idx="425" w="1545" h="1814" x="-167.333344" y="-573.801575">
   <element name="base-head" layername="timeline_0" frame="0" z_index="3" m_a="1.000000" m_b="0.000000" m_c="0.000000" m_d="1.000000" m_tx="-335.714294" m_ty="-653.174622"/>
   <element name="face" layername="timeline_1" frame="0" z_index="2" m_a="1.000000" m_b="0.000000" m_c="0.000000" m_d="1.000000" m_tx="-358.333344" m_ty="-602.777771"/>
   <element name="base-head" layername="timeline_2" frame="1" z_index="1" m_a="1.000000" m_b="0.000000" m_c="0.000000" m_d="1.000000" m_tx="255.555557" m_ty="-662.301575"/>
   <element name="torso" layername="timeline_3" frame="0" z_index="4" m_a="1.000000" m_b="0.000000" m_c="0.000000" m_d="1.000000" m_tx="-344.444458" m_ty="-225.000000"/>
   <element name="torso" layername="timeline_4" frame="1" z_index="5" m_a="1.000000" m_b="0.000000" m_c="0.000000" m_d="1.000000" m_tx="288.095245" m_ty="-219.047623"/>
   <element name="legs" layername="timeline_5" frame="0" z_index="6" m_a="1.000000" m_b="0.000000" m_c="0.000000" m_d="1.000000" m_tx="-333.333344" m_ty="-76.666664"/>
   <element name="torso" layername="timeline_6" frame="2" z_index="7" m_a="1.000000" m_b="0.000000" m_c="0.000000" m_d="1.000000" m_tx="-306.666656" m_ty="-106.666664"/>
  </frame>
  <frame idx="450" w="1545" h="1814" x="-167.333344" y="-573.801575">
   <element name="base-head" layername="timeline_0" frame="0" z_index="3" m_a="1.000000" m_b="0.000000" m_c="0.000000" m_d="1.000000" m_tx="-335.714294" m_ty="-653.174622"/>
   <element name="face" layername="timeline_1" frame="0" z_index="2" m_a="1.000000" m_b="0.000000" m_c="0.000000" m_d="1.000000" m_tx="-358.333344" m_ty="-602.777771"/>
   <element name="base-head" layername="timeline_2" frame="1" z_index="1" m_a="1.000000" m_b="0.000000" m_c="0.000000" m_d="1.000000" m_tx="255.555557" m_ty="-662.301575"/>
   <element name="torso" layername="timeline_3" frame="0" z_index="4" m_a="1.000000" m_b="0.000000" m_c="0.000000" m_d="1.000000" m_tx="-344.444458" m_ty="-225.000000"/>
   <element name="torso" layername="timeline_4" frame="1" z_index="5" m_a="1.000000" m_b="0.000000" m_c="0.000000" m_d="1.000000" m_tx="288.095245" m_ty="-219.047623"/>
   <element name="legs" layername="timeline_5" frame="0" z_index="6" m_a="1.000000" m_b="0.000000" m_c="0.000000" m_d="1.000000" m_tx="-333.333344" m_ty="-76.666664"/>
   <element name="torso" layername="timeline_6" frame="2" z_index="7" m_a="1.000000" m_b="0.000000" m_c="0.000000" m_d="1.000000" m_tx="-306.666656" m_ty="-106.666664"/>
  </frame>
  <frame idx="475" w="1545" h="1814" x="-167.333344" y="-573.801575">
   <element name="base-head" layername="timeline_0" frame="0" z_index="3" m_a="1.000000" m_b="0.000000" m_c="0.000000" m_d="1.000000" m_tx="-335.714294" m_ty="-653.174622"/>
   <element name="face" layername="timeline_1" frame="0" z_index="2" m_a="1.000000" m_b="0.000000" m_c="0.000000" m_d="1.000000" m_tx="-358.333344" m_ty="-602.777771"/>
   <element name="base-head" layername="timeline_2" frame="1" z_index="1" m_a="1.000000" m_b="0.000000" m_c="0.000000" m_d="1.000000" m_tx="255.555557" m_ty="-662.301575"/>
   <element name="torso" layername="timeline_3" frame="0" z_index="4" m_a="1.000000" m_b="0.000000" m_c="0.000000" m_d="1.000000" m_tx="-344.444458" m_ty="-225.000000"/>
   <element name="torso" layername="timeline_4" frame="1" z_index="5" m_a="1.000000" m_b="0.000000" m_c="0.000000" m_d="1.000000" m_tx="288.095245" m_ty="-219.047623"/>
   <element name="legs" layername="timeline_5" frame="0" z_index="6" m_a="1.000000" m_b="0.000000" m_c="0.000000" m_d="1.000000" m_tx="-333.333344" m_ty="-76.666664"/>
   <element name="torso" layername="timeline_6" frame="2" z_index="7" m_a="1.000000" m_b="0.000000" m_c="0.000000" m_d="1.000000" m_tx="-306.666656" m_ty="-106.666664"/>
  </frame>
  <frame idx="500" w="1545" h="1814" x="-167.333344" y="-573.801575">
   <element name="base-head" layername="timeline_0" frame="0" z_index="3" m_a="1.000000" m_b="0.000000" m_c="0.000000" m_d="1.000000" m_tx="-335.714294" m_ty="-653.174622"/>
   <element name="face" layername="timeline_1" frame="0" z_index="2" m_a="1.000000" m_b="0.000000" m_c="0.000000" m_d="1.000000" m_tx="-358.333344" m_ty="-602.777771"/>
   <element name="base-head" layername="timeline_2" frame="1" z_index="1" m_a="1.000000" m_b="0.000000" m_c="0.000000" m_d="1.000000" m_tx="255.555557" m_ty="-662.301575"/>
   <element name="torso" layername="timeline_3" frame="0" z_index="4" m_a="1.000000" m_b="0.000000" m_c="0.000000" m_d="1.000000" m_tx="-344.444458" m_ty="-225.000000"/>
   <element name="torso" layername="timeline_4" frame="1" z_index="5" m_a="1.000000" m_b="0.000000" m_c="0.000000" m_d="1.000000" m_tx="288.095245" m_ty="-219.047623"/>
   <element name="legs" layername="timeline_5" frame="0" z_index="6" m_a="1.000000" m_b="0.000000" m_c="0.000000" m_d="1.000000" m_tx="-333.333344" m_ty="-76.666664"/>
   <element name="torso" layername="timeline_6" frame="2" z_index="7" m_a="1.000000" m_b="0.000000" m_c="0.000000" m_d="1.000000" m_tx="-306.666656" m_ty="-106.666664"/>
  </frame>
  <frame idx="525" w="1545" h="1814" x="-167.333344" y="-573.801575">
   <element name="base-head" layername="timeline_0" frame="0" z_index="3" m_a="1.000000" m_b="0.000000" m_c="0.000000" m_d="1.000000" m_tx="-335.714294" m_ty="-653.174622"/>
   <element name="face" layername="timeline_1" frame="0" z_index="2" m_a="1.000000" m_b="0.000000" m_c="0.000000" m_d="1.000000" m_tx="-358.333344" m_ty="-602.777771"/>
   <element name="base-head" layername="timeline_2" frame="1" z_index="1" m_a="1.000000" m_b="0.000000" m_c="0.000000" m_d="1.000000" m_tx="255.555557" m_ty="-662.301575"/>
   <element name="torso" layername="timeline_3" frame="0" z_index="4" m_a="1.000000" m_b="0.000000" m_c="0.000000" m_d="1.000000" m_tx="-344.444458" m_ty="-225.000000"/>
   <element name="torso" layername="timeline_4" frame="1" z_index="5" m_a="1.000000" m_b="0.000000" m_c="0.000000" m_d="1.000000" m_tx="288.095245" m_ty="-219.047623"/>
   <element name="legs" layername="timeline_5" frame="0" z_index="6" m_a="1.000000" m_b="0.000000" m_c="0.000000" m_d="1.000000" m_tx="-333.333344" m_ty="-76.666664"/>
   <element name="torso" layername="timeline_6" frame="2" z_index="7" m_a="1.000000" m_b="0.000000" m_c="0.000000" m_d="1.000000" m_tx="-306.666656" m_ty="-106.666664"/>
  </frame>
  <frame idx="550" w="1545" h="1814" x="-167.333344" y="-573.801575">
   <element name="base-head" layername="timeline_0" frame="0" z_index="3" m_a="1.000000" m_b="0.000000" m_c="0.000000" m_d="1.000000" m_tx="-335.714294" m_ty="-653.174622"/>
   <element name="face" layername="timeline_1" frame="0" z_index="2" m_a="1.000000" m_b="0.000000" m_c="0.000000" m_d="1.000000" m_tx="-358.333344" m_ty="-602.777771"/>
   <element name="base-head" layername="timeline_2" frame="1" z_index="1" m_a="1.000000" m_b="0.000000" m_c="0.000000" m_d="1.000000" m_tx="255.555557" m_ty="-662.301575"/>
   <element name="torso" layername="timeline_3" frame="0" z_index="4" m_a="1.000000" m_b="0.000000" m_c="0.000000" m_d="1.000000" m_tx="-344.444458" m_ty="-225.000000"/>
   <element name="torso" layername="timeline_4" frame="1" z_index="5" m_a="1.000000" m_b="0.000000" m_c="0.000000" m_d="1.000000" m_tx="288.095245" m_ty="-219.047623"/>
   <element name="legs" layername="timeline_5" frame="0" z_index="6" m_a="1.000000" m_b="0.000000" m_c="0.000000" m_d="1.000000" m_tx="-333.333344" m_ty="-76.666664"/>
   <element name="torso" layername="timeline_6" frame="2" z_index="7" m_a="1.000000" m_b="0.000000" m_c="0.000000" m_d="1.000000" m_tx="-306.666656" m_ty="-106.666664"/>
  </frame>
  <frame idx="575" w="1545" h="1814" x="-167.333344" y="-573.801575">
   <element name="base-head" layername="timeline_0" frame="0" z_index="3" m_a="1.000000" m_b="0.000000" m_c="0.000000" m_d="1.000000" m_tx="-335.714294" m_ty="-653.174622"/>
   <element name="face" layername="timeline_1" frame="0" z_index="2" m_a="1.000000" m_b="0.000000" m_c="0.000000" m_d="1.000000" m_tx="-358.333344" m_ty="-602.777771"/>
   <element name="base-head" layername="timeline_2" frame="1" z_index="1" m_a="1.000000" m_b="0.000000" m_c="0.000000" m_d="1.000000" m_tx="255.555557" m_ty="-662.301575"/>
   <element name="torso" layername="timeline_3" frame="0" z_index="4" m_a="1.000000" m_b="0.000000" m_c="0.000000" m_d="1.000000" m_tx="-344.444458" m_ty="-225.000000"/>
   <element name="torso" layername="timeline_4" frame="1" z_index="5" m_a="1.000000" m_b="0.000000" m_c="0.000000" m_d="1.000000" m_tx="288.095245" m_ty="-219.047623"/>
   <element name="legs" layername="timeline_5" frame="0" z_index="6" m_a="1.000000" m_b="0.000000" m_c="0.000000" m_d="1.000000" m_tx="-333.333344" m_ty="-76.666664"/>
   <element name="torso" layername="timeline_6" frame="2" z_index="7" m_a="1.000000" m_b="0.000000" m_c="0.000000" m_d="1.000000" m_tx="-306.666656" m_ty="-106.666664"/>
  </frame>
  <frame idx="600" w="1545" h="1814" x="-167.333344" y="-573.801575">
   <element name="base-head" layername="timeline_0" frame="0" z_index="3" m_a="1.000000" m_b="0.000000" m_c="0.000000" m_d="1.000000" m_tx="-335.714294" m_ty="-653.174622"/>
   <element name="face" layername="timeline_1" frame="0" z_index="2" m_a="1.000000" m_b="0.000000" m_c="0.000000" m_d="1.000000" m_tx="-358.333344" m_ty="-602.777771"/>
   <element name="base-head" layername="timeline_2" frame="1" z_index="1" m_a="1.000000" m_b="0.000000" m_c="0.000000" m_d="1.000000" m_tx="255.555557" m_ty="-662.301575"/>
   <element name="torso" layername="timeline_3" frame="0" z_index="4" m_a="1.000000" m_b="0.000000" m_c="0.000000" m_d="1.000000" m_tx="-344.444458" m_ty="-225.000000"/>
   <element name="torso" layername="timeline_4" frame="1" z_index="5" m_a="1.000000" m_b="0.000000" m_c="0.000000" m_d="1.000000" m_tx="288.095245" m_ty="-219.047623"/>
   <element name="legs" layername="timeline_5" frame="0" z_index="6" m_a="1.000000" m_b="0.000000" m_c="0.000000" m_d="1.000000" m_tx="-333.333344" m_ty="-76.666664"/>
   <element name="torso" layername="timeline_6" frame="2" z_index="7" m_a="1.000000" m_b="0.000000" m_c="0.000000" m_d="1.000000" m_tx="-306.666656" m_ty="-106.666664"/>
  </frame>
  <frame idx="625" w="1545" h="1814" x="-167.333344" y="-573.801575">
   <element name="base-head" layername="timeline_0" frame="0" z_index="3" m_a="1.000000" m_b="0.000000" m_c="0.000000" m_d="1.000000" m_tx="-335.714294" m_ty="-653.174622"/>
   <element name="face" layername="timeline_1" frame="0" z_index="2" m_a="1.000000" m_b="0.000000" m_c="0.000000" m_d="1.000000" m_tx="-358.333344" m_ty="-602.777771"/>
   <element name="base-head" layername="timeline_2" frame="1" z_index="1" m_a="1.000000" m_b="0.000000" m_c="0.000000" m_d="1.000000" m_tx="255.555557" m_ty="-662.301575"/>
   <element name="torso" layername="timeline_3" frame="0" z_index="4" m_a="1.000000" m_b="0.000000" m_c="0.000000" m_d="1.000000" m_tx="-344.444458" m_ty="-225.000000"/>
   <element name="torso" layername="timeline_4" frame="1" z_index="5" m_a="1.000000" m_b="0.000000" m_c="0.000000" m_d="1.000000" m_tx="288.095245" m_ty="-219.047623"/>
   <element name="legs" layername="timeline_5" frame="0" z_index="6" m_a="1.000000" m_b="0.000000" m_c="0.000000" m_d="1.000000" m_tx="-333.333344" m_ty="-76.666664"/>
   <element name="torso" layername="timeline_6" frame="2" z_index="7" m_a="1.000000" m_b="0.000000" m_c="0.000000" m_d="1.000000" m_tx="-306.666656" m_ty="-106.666664"/>
  </frame>
  <frame idx="650" w="1545" h="1814" x="-167.333344" y="-573.801575">
   <element name="base-head" layername="timeline_0" frame="0" z_index="3" m_a="1.000000" m_b="0.000000" m_c="0.000000" m_d="1.000000" m_tx="-335.714294" m_ty="-653.174622"/>
   <element name="face" layername="timeline_1" frame="0" z_index="2" m_a="1.000000" m_b="0.000000" m_c="0.000000" m_d="1.000000" m_tx="-358.333344" m_ty="-602.777771"/>
   <element name="base-head" layername="timeline_2" frame="1" z_index="1" m_a="1.000000" m_b="0.000000" m_c="0.000000" m_d="1.000000" m_tx="255.555557" m_ty="-662.301575"/>
   <element name="torso" layername="timeline_3" frame="0" z_index="4" m_a="1.000000" m_b="0.000000" m_c="0.000000" m_d="1.000000" m_tx="-344.444458" m_ty="-225.000000"/>
   <element name="torso" layername="timeline_4" frame="1" z_index="5" m_a="1.000000" m_b="0.000000" m_c="0.000000" m_d="1.000000" m_tx="288.095245" m_ty="-219.047623"/>
   <element name="legs" layername="timeline_5" frame="0" z_index="6" m_a="1.000000" m_b="0.000000" m_c="0.000000" m_d="1.000000" m_tx="-333.333344" m_ty="-76.666664"/>
   <element name="torso" layername="timeline_6" frame="2" z_index="7" m_a="1.000000" m_b="0.000000" m_c="0.000000" m_d="1.000000" m_tx="-306.666656" m_ty="-106.666664"/>
  </frame>
  <frame idx="675" w="1545" h="1814" x="-167.333344" y="-573.801575">
   <element name="base-head" layername="timeline_0" frame="0" z_index="3" m_a="1.000000" m_b="0.000000" m_c="0.000000" m_d="1.000000" m_tx="-335.714294" m_ty="-653.174622"/>
   <element name="face" layername="timeline_1" frame="0" z_index="2" m_a="1.000000" m_b="0.000000" m_c="0.000000" m_d="1.000000" m_tx="-358.333344" m_ty="-602.777771"/>
   <element name="base-head" layername="timeline_2" frame="1" z_index="1" m_a="1.000000" m_b="0.000000" m_c="0.000000" m_d="1.000000" m_tx="255.555557" m_ty="-662.301575"/>
   <element name="torso" layername="timeline_3" frame="0" z_index="4" m_a="1.000000" m_b="0.000000" m_c="0.000000" m_d="1.000000" m_tx="-344.444458" m_ty="-225.000000"/>
   <element name="torso" layername="timeline_4" frame="1" z_index="5" m_a="1.000000" m_b="0.000000" m_c="0.000000" m_d="1.000000" m_tx="288.095245" m_ty="-219.047623"/>
   <element name="legs" layername="timeline_5" frame="0" z_index="6" m_a="1.000000" m_b="0.000000" m_c="0.000000" m_d="1.000000" m_tx="-333.333344" m_ty="-76.666664"/>
   <element name="torso" layername="timeline_6" frame="2" z_index="7" m_a="1.000000" m_b="0.000000" m_c="0.000000" m_d="1.000000" m_tx="-306.666656" m_ty="-106.666664"/>
  </frame>
  <frame idx="700" w="1545" h="1814" x="-167.333344" y="-573.801575">
   <element name="base-head" layername="timeline_0" frame="0" z_index="3" m_a="1.000000" m_b="0.000000" m_c="0.000000" m_d="1.000000" m_tx="-335.714294" m_ty="-653.174622"/>
   <element name="face" layername="timeline_1" frame="0" z_index="2" m_a="1.000000" m_b="0.000000" m_c="0.000000" m_d="1.000000" m_tx="-358.333344" m_ty="-602.777771"/>
   <element name="base-head" layername="timeline_2" frame="1" z_index="1" m_a="1.000000" m_b="0.000000" m_c="0.000000" m_d="1.000000" m_tx="255.555557" m_ty="-662.301575"/>
   <element name="torso" layername="timeline_3" frame="0" z_index="4" m_a="1.000000" m_b="0.000000" m_c="0.000000" m_d="1.000000" m_tx="-344.444458" m_ty="-225.000000"/>
   <element name="torso" layername="timeline_4" frame="1" z_index="5" m_a="1.000000" m_b="0.000000" m_c="0.000000" m_d="1.000000" m_tx="288.095245" m_ty="-219.047623"/>
   <element name="legs" layername="timeline_5" frame="0" z_index="6" m_a="1.000000" m_b="0.000000" m_c="0.000000" m_d="1.000000" m_tx="-333.333344" m_ty="-76.666664"/>
   <element name="torso" layername="timeline_6" frame="2" z_index="7" m_a="1.000000" m_b="0.000000" m_c="0.000000" m_d="1.000000" m_tx="-306.666656" m_ty="-106.666664"/>
  </frame>
  <frame idx="725" w="1545" h="1814" x="-167.333344" y="-573.801575">
   <element name="base-head" layername="timeline_0" frame="0" z_index="3" m_a="1.000000" m_b="0.000000" m_c="0.000000" m_d="1.000000" m_tx="-335.714294" m_ty="-653.174622"/>
   <element name="face" layername="timeline_1" frame="0" z_index="2" m_a="1.000000" m_b="0.000000" m_c="0.000000" m_d="1.000000" m_tx="-358.333344" m_ty="-602.777771"/>
   <element name="base-head" layername="timeline_2" frame="1" z_index="1" m_a="1.000000" m_b="0.000000" m_c="0.000000" m_d="1.000000" m_tx="255.555557" m_ty="-662.301575"/>
   <element name="torso" layername="timeline_3" frame="0" z_index="4" m_a="1.000000" m_b="0.000000" m_c="0.000000" m_d="1.000000" m_tx="-344.444458" m_ty="-225.000000"/>
   <element name="torso" layername="timeline_4" frame="1" z_index="5" m_a="1.000000" m_b="0.000000" m_c="0.000000" m_d="1.000000" m_tx="288.095245" m_ty="-219.047623"/>
   <element name="legs" layername="timeline_5" frame="0" z_index="6" m_a="1.000000" m_b="0.000000" m_c="0.000000" m_d="1.000000" m_tx="-333.333344" m_ty="-76.666664"/>
   <element name="torso" layername="timeline_6" frame="2" z_index="7" m_a="1.000000" m_b="0.000000" m_c="0.000000" m_d="1.000000" m_tx="-306.666656" m_ty="-106.666664"/>
  </frame>
  <frame idx="750" w="1545" h="1814" x="-167.333344" y="-573.801575">
   <element name="base-head" layername="timeline_0" frame="0" z_index="3" m_a="1.000000" m_b="0.000000" m_c="0.000000" m_d="1.000000" m_tx="-335.714294" m_ty="-653.174622"/>
   <element name="face" layername="timeline_1" frame="0" z_index="2" m_a="1.000000" m_b="0.000000" m_c="0.000000" m_d="1.000000" m_tx="-358.333344" m_ty="-602.777771"/>
   <element name="base-head" layername="timeline_2" frame="1" z_index="1" m_a="1.000000" m_b="0.000000" m_c="0.000000" m_d="1.000000" m_tx="255.555557" m_ty="-662.301575"/>
   <element name="torso" layername="timeline_3" frame="0" z_index="4" m_a="1.000000" m_b="0.000000" m_c="0.000000" m_d="1.000000" m_tx="-344.444458" m_ty="-225.000000"/>
   <element name="torso" layername="timeline_4" frame="1" z_index="5" m_a="1.000000" m_b="0.000000" m_c="0.000000" m_d="1.000000" m_tx="288.095245" m_ty="-219.047623"/>
   <element name="legs" layername="timeline_5" frame="0" z_index="6" m_a="1.000000" m_b="0.000000" m_c="0.000000" m_d="1.000000" m_tx="-333.333344" m_ty="-76.666664"/>
   <element name="torso" layername="timeline_6" frame="2" z_index="7" m_a="1.000000" m_b="0.000000" m_c="0.000000" m_d="1.000000" m_tx="-306.666656" m_ty="-106.666664"/>
  </frame>
  <frame idx="775" w="1545" h="1814" x="-167.333344" y="-573.801575">
   <element name="base-head" layername="timeline_0" frame="0" z_index="3" m_a="1.000000" m_b="0.000000" m_c="0.000000" m_d="1.000000" m_tx="-335.714294" m_ty="-653.174622"/>
   <element name="face" layername="timeline_1" frame="0" z_index="2" m_a="1.000000" m_b="0.000000" m_c="0.000000" m_d="1.000000" m_tx="-358.333344" m_ty="-602.777771"/>
   <element name="base-head" layername="timeline_2" frame="1" z_index="1" m_a="1.000000" m_b="0.000000" m_c="0.000000" m_d="1.000000" m_tx="255.555557" m_ty="-662.301575"/>
   <element name="torso" layername="timeline_3" frame="0" z_index="4" m_a="1.000000" m_b="0.000000" m_c="0.000000" m_d="1.000000" m_tx="-344.444458" m_ty="-225.000000"/>
   <element name="torso" layername="timeline_4" frame="1" z_index="5" m_a="1.000000" m_b="0.000000" m_c="0.000000" m_d="1.000000" m_tx="288.095245" m_ty="-219.047623"/>
   <element name="legs" layername="timeline_5" frame="0" z_index="6" m_a="1.000000" m_b="0.000000" m_c="0.000000" m_d="1.000000" m_tx="-333.333344" m_ty="-76.666664"/>
   <element name="torso" layername="timeline_6" frame="2" z_index="7" m_a="1.000000" m_b="0.000000" m_c="0.000000" m_d="1.000000" m_tx="-306.666656" m_ty="-106.666664"/>
  </frame>
  <frame idx="800" w="1545" h="1814" x="-167.333344" y="-573.801575">
   <element name="base-head" layername="timeline_0" frame="0" z_index="3" m_a="1.000000" m_b="0.000000" m_c="0.000000" m_d="1.000000" m_tx="-335.714294" m_ty="-653.174622"/>
   <element name="face" layername="timeline_1" frame="0" z_index="2" m_a="1.000000" m_b="0.000000" m_c="0.000000" m_d="1.000000" m_tx="-358.333344" m_ty="-602.777771"/>
   <element name="base-head" layername="timeline_2" frame="1" z_index="1" m_a="1.000000" m_b="0.000000" m_c="0.000000" m_d="1.000000" m_tx="255.555557" m_ty="-662.301575"/>
   <element name="torso" layername="timeline_3" frame="0" z_index="4" m_a="1.000000" m_b="0.000000" m_c="0.000000" m_d="1.000000" m_tx="-344.444458" m_ty="-225.000000"/>
   <element name="torso" layername="timeline_4" frame="1" z_index="5" m_a="1.000000" m_b="0.000000" m_c="0.000000" m_d="1.000000" m_tx="288.095245" m_ty="-219.047623"/>
   <element name="legs" layername="timeline_5" frame="0" z_index="6" m_a="1.000000" m_b="0.000000" m_c="0.000000" m_d="1.000000" m_tx="-333.333344" m_ty="-76.666664"/>
   <element name="torso" layername="timeline_6" frame="2" z_index="7" m_a="1.000000" m_b="0.000000" m_c="0.000000" m_d="1.000000" m_tx="-306.666656" m_ty="-106.666664"/>
  </frame>
  <frame idx="825" w="1545" h="1814" x="-167.333344" y="-573.801575">
   <element name="base-head" layername="timeline_0" frame="0" z_index="3" m_a="1.000000" m_b="0.000000" m_c="0.000000" m_d="1.000000" m_tx="-335.714294" m_ty="-653.174622"/>
   <element name="face" layername="timeline_1" frame="0" z_index="2" m_a="1.000000" m_b="0.000000" m_c="0.000000" m_d="1.000000" m_tx="-358.333344" m_ty="-602.777771"/>
   <element name="base-head" layername="timeline_2" frame="1" z_index="1" m_a="1.000000" m_b="0.000000" m_c="0.000000" m_d="1.000000" m_tx="255.555557" m_ty="-662.301575"/>
   <element name="torso" layername="timeline_3" frame="0" z_index="4" m_a="1.000000" m_b="0.000000" m_c="0.000000" m_d="1.000000" m_tx="-344.444458" m_ty="-225.000000"/>
   <element name="torso" layername="timeline_4" frame="1" z_index="5" m_a="1.000000" m_b="0.000000" m_c="0.000000" m_d="1.000000" m_tx="288.095245" m_ty="-219.047623"/>
   <element name="legs" layername="timeline_5" frame="0" z_index="6" m_a="1.000000" m_b="0.000000" m_c="0.000000" m_d="1.000000" m_tx="-333.333344" m_ty="-76.666664"/>
   <element name="torso" layername="timeline_6" frame="2" z_index="7" m_a="1.000000" m_b="0.000000" m_c="0.000000" m_d="1.000000" m_tx="-306.666656" m_ty="-106.666664"/>
  </frame>
  <frame idx="850" w="1545" h="1814" x="-167.333344" y="-573.801575">
   <element name="base-head" layername="timeline_0" frame="0" z_index="3" m_a="1.000000" m_b="0.000000" m_c="0.000000" m_d="1.000000" m_tx="-335.714294" m_ty="-653.174622"/>
   <element name="face" layername="timeline_1" frame="0" z_index="2" m_a="1.000000" m_b="0.000000" m_c="0.000000" m_d="1.000000" m_tx="-358.333344" m_ty="-602.777771"/>
   <element name="base-head" layername="timeline_2" frame="1" z_index="1" m_a="1.000000" m_b="0.000000" m_c="0.000000" m_d="1.000000" m_tx="255.555557" m_ty="-662.301575"/>
   <element name="torso" layername="timeline_3" frame="0" z_index="4" m_a="1.000000" m_b="0.000000" m_c="0.000000" m_d="1.000000" m_tx="-344.444458" m_ty="-225.000000"/>
   <element name="torso" layername="timeline_4" frame="1" z_index="5" m_a="1.000000" m_b="0.000000" m_c="0.000000" m_d="1.000000" m_tx="288.095245" m_ty="-219.047623"/>
   <element name="legs" layername="timeline_5" frame="0" z_index="6" m_a="1.000000" m_b="0.000000" m_c="0.000000" m_d="1.000000" m_tx="-333.333344" m_ty="-76.666664"/>
   <element name="torso" layername="timeline_6" frame="2" z_index="7" m_a="1.000000" m_b="0.000000" m_c="0.000000" m_d="1.000000" m_tx="-306.666656" m_ty="-106.666664"/>
  </frame>
  <frame idx="875" w="1545" h="1814" x="-167.333344" y="-573.801575">
   <element name="base-head" layername="timeline_0" frame="0" z_index="3" m_a="1.000000" m_b="0.000000" m_c="0.000000" m_d="1.000000" m_tx="-335.714294" m_ty="-653.174622"/>
   <element name="face" layername="timeline_1" frame="0" z_index="2" m_a="1.000000" m_b="0.000000" m_c="0.000000" m_d="1.000000" m_tx="-358.333344" m_ty="-602.777771"/>
   <element name="base-head" layername="timeline_2" frame="1" z_index="1" m_a="1.000000" m_b="0.000000" m_c="0.000000" m_d="1.000000" m_tx="255.555557" m_ty="-662.301575"/>
   <element name="torso" layername="timeline_3" frame="0" z_index="4" m_a="1.000000" m_b="0.000000" m_c="0.000000" m_d="1.000000" m_tx="-344.444458" m_ty="-225.000000"/>
   <element name="torso" layername="timeline_4" frame="1" z_index="5" m_a="1.000000" m_b="0.000000" m_c="0.000000" m_d="1.000000" m_tx="288.095245" m_ty="-219.047623"/>
   <element name="legs" layername="timeline_5" frame="0" z_index="6" m_a="1.000000" m_b="0.000000" m_c="0.000000" m_d="1.000000" m_tx="-333.333344" m_ty="-76.666664"/>
   <element name="torso" layername="timeline_6" frame="2" z_index="7" m_a="1.000000" m_b="0.000000" m_c="0.000000" m_d="1.000000" m_tx="-306.666656" m_ty="-106.666664"/>
  </frame>
  <frame idx="900" w="1545" h="1814" x="-167.333344" y="-573.801575">
   <element name="base-head" layername="timeline_0" frame="0" z_index="3" m_a="1.000000" m_b="0.000000" m_c="0.000000" m_d="1.000000" m_tx="-335.714294" m_ty="-653.174622"/>
   <element name="face" layername="timeline_1" frame="0" z_index="2" m_a="1.000000" m_b="0.000000" m_c="0.000000" m_d="1.000000" m_tx="-358.333344" m_ty="-602.777771"/>
   <element name="base-head" layername="timeline_2" frame="1" z_index="1" m_a="1.000000" m_b="0.000000" m_c="0.000000" m_d="1.000000" m_tx="255.555557" m_ty="-662.301575"/>
   <element name="torso" layername="timeline_3" frame="0" z_index="4" m_a="1.000000" m_b="0.000000" m_c="0.000000" m_d="1.000000" m_tx="-344.444458" m_ty="-225.000000"/>
   <element name="torso" layername="timeline_4" frame="1" z_index="5" m_a="1.000000" m_b="0.000000" m_c="0.000000" m_d="1.000000" m_tx="288.095245" m_ty="-219.047623"/>
   <element name="legs" layername="timeline_5" frame="0" z_index="6" m_a="1.000000" m_b="0.000000" m_c="0.000000" m_d="1.000000" m_tx="-333.333344" m_ty="-76.666664"/>
   <element name="torso" layername="timeline_6" frame="2" z_index="7" m_a="1.000000" m_b="0.000000" m_c="0.000000" m_d="1.000000" m_tx="-306.666656" m_ty="-106.666664"/>
  </frame>
  <frame idx="925" w="1545" h="1814" x="-167.333344" y="-573.801575">
   <element name="base-head" layername="timeline_0" frame="0" z_index="3" m_a="1.000000" m_b="0.000000" m_c="0.000000" m_d="1.000000" m_tx="-335.714294" m_ty="-653.174622"/>
   <element name="face" layername="timeline_1" frame="0" z_index="2" m_a="1.000000" m_b="0.000000" m_c="0.000000" m_d="1.000000" m_tx="-358.333344" m_ty="-602.777771"/>
   <element name="base-head" layername="timeline_2" frame="1" z_index="1" m_a="1.000000" m_b="0.000000" m_c="0.000000" m_d="1.000000" m_tx="255.555557" m_ty="-662.301575"/>
   <element name="torso" layername="timeline_3" frame="0" z_index="4" m_a="1.000000" m_b="0.000000" m_c="0.000000" m_d="1.000000" m_tx="-344.444458" m_ty="-225.000000"/>
   <element name="torso" layername="timeline_4" frame="1" z_index="5" m_a="1.000000" m_b="0.000000" m_c="0.000000" m_d="1.000000" m_tx="288.095245" m_ty="-219.047623"/>
   <element name="legs" layername="timeline_5" frame="0" z_index="6" m_a="1.000000" m_b="0.000000" m_c="0.000000" m_d="1.000000" m_tx="-333.333344" m_ty="-76.666664"/>
   <element name="torso" layername="timeline_6" frame="2" z_index="7" m_a="1.000000" m_b="0.000000" m_c="0.000000" m_d="1.000000" m_tx="-306.666656" m_ty="-106.666664"/>
  </frame>
  <frame idx="950" w="1545" h="1814" x="-167.333344" y="-573.801575">
   <element name="base-head" layername="timeline_0" frame="0" z_index="3" m_a="1.000000" m_b="0.000000" m_c="0.000000" m_d="1.000000" m_tx="-335.714294" m_ty="-653.174622"/>
   <element name="face" layername="timeline_1" frame="0" z_index="2" m_a="1.000000" m_b="0.000000" m_c="0.000000" m_d="1.000000" m_tx="-358.333344" m_ty="-602.777771"/>
   <element name="base-head" layername="timeline_2" frame="1" z_index="1" m_a="1.000000" m_b="0.000000" m_c="0.000000" m_d="1.000000" m_tx="255.555557" m_ty="-662.301575"/>
   <element name="torso" layername="timeline_3" frame="0" z_index="4" m_a="1.000000" m_b="0.000000" m_c="0.000000" m_d="1.000000" m_tx="-344.444458" m_ty="-225.000000"/>
   <element name="torso" layername="timeline_4" frame="1" z_index="5" m_a="1.000000" m_b="0.000000" m_c="0.000000" m_d="1.000000" m_tx="288.095245" m_ty="-219.047623"/>
   <element name="legs" layername="timeline_5" frame="0" z_index="6" m_a="1.000000" m_b="0.000000" m_c="0.000000" m_d="1.000000" m_tx="-333.333344" m_ty="-76.666664"/>
   <element name="torso" layername="timeline_6" frame="2" z_index="7" m_a="1.000000" m_b="0.000000" m_c="0.000000" m_d="1.000000" m_tx="-306.666656" m_ty="-106.666664"/>
  </frame>
  <frame idx="975" w="1545" h="1814" x="-167.333344" y="-573.801575">
   <element name="base-head" layername="timeline_0" frame="0" z_index="3" m_a="1.000000" m_b="0.000000" m_c="0.000000" m_d="1.000000" m_tx="-335.714294" m_ty="-653.174622"/>
   <element name="face" layername="timeline_1" frame="0" z_index="2" m_a="1.000000" m_b="0.000000" m_c="0.000000" m_d="1.000000" m_tx="-358.333344" m_ty="-602.777771"/>
   <element name="base-head" layername="timeline_2" frame="1" z_index="1" m_a="1.000000" m_b="0.000000" m_c="0.000000" m_d="1.000000" m_tx="255.555557" m_ty="-662.301575"/>
   <element name="torso" layername="timeline_3" frame="0" z_index="4" m_a="1.000000" m_b="0.000000" m_c="0.000000" m_d="1.000000" m_tx="-344.444458" m_ty="-225.000000"/>
   <element name="torso" layername="timeline_4" frame="1" z_index="5" m_a="1.000000" m_b="0.000000" m_c="0.000000" m_d="1.000000" m_tx="288.095245" m_ty="-219.047623"/>
   <element name="legs" layername="timeline_5" frame="0" z_index="6" m_a="1.000000" m_b="0.000000" m_c="0.000000" m_d="1.000000" m_tx="-333.333344" m_ty="-76.666664"/>
   <element name="torso" layername="timeline_6" frame="2" z_index="7" m_a="1.000000" m_b="0.000000" m_c="0.000000" m_d="1.000000" m_tx="-306.666656" m_ty="-106.666664"/>
  </frame>
 </anim>
</Anims>
